SNP	Allele_major	Allele_minor	Database	Population	Sample_UID	N_alleles	MAF
rs1129706	A	G	ALFRED	Bantu speakers	SA001818S	16	0.31
rs1129706	A	G	ALFRED	Bantu speakers	SA001819T	24	0.25
rs1129706	A	G	ALFRED	San	SA001469U	12	0.08
rs1129706	A	G	ALFRED	Afro-Caribbeans	SA004242M	192	0.297
rs1129706	A	G	ALFRED	Biaka	SA002256P	62	0.26
rs1129706	A	G	ALFRED	Esan	SA004248S	198	0.273
rs1129706	A	G	ALFRED	Hausa	SA004363Q	56	0.161
rs1129706	A	G	ALFRED	Ibo	SA004362P	72	0.403
rs1129706	A	G	ALFRED	Malinke	SA004243N	226	0.212
rs1129706	A	G	ALFRED	Mbuti	SA001466R	30	0.03
rs1129706	A	G	ALFRED	Mbuti	SA004361O	38	0.184
rs1129706	A	G	ALFRED	Yoruba	SA001468T	48	0.25
rs1129706	A	G	ALFRED	Yoruba	SA004048Q	216	0.264
rs1129706	A	G	ALFRED	Chagga	SA004365S	78	0.205
rs1129706	A	G	ALFRED	Jews, Ethiopian	SA004368V	62	0.468
rs1129706	A	G	ALFRED	Luhya	SA004046O	198	0.227
rs1129706	A	G	ALFRED	Masai	SA004364R	34	0.324
rs1129706	A	G	ALFRED	Sandawe	SA004366T	66	0.288
rs1129706	A	G	ALFRED	Zaramo	SA004367U	78	0.205
rs1129706	A	G	ALFRED	African Americans	SA004369W	60	0.317
rs1129706	A	G	ALFRED	African Americans	SA004047P	122	0.385
rs1129706	A	G	ALFRED	Mandenka	SA001467S	48	0.17
rs1129706	A	G	ALFRED	Mende	SA004244O	170	0.153
rs1129706	A	G	ALFRED	Mozabite	SA001471N	60	0.55
rs1129706	A	G	ALFRED	Bedouin	SA002254N	96	0.57
rs1129706	A	G	ALFRED	Druze	SA002257Q	94	0.63
rs1129706	A	G	ALFRED	Jews, Yemenite	SA004370O	74	0.595
rs1129706	A	G	ALFRED	Palestinian	SA001474Q	102	0.67
rs1129706	A	G	ALFRED	Samaritans	SA004371P	76	0.658
rs1129706	A	G	ALFRED	Abkhaz	SA004584V	52	0.885
rs1129706	A	G	ALFRED	Adygei	SA001509P	34	0.68
rs1129706	A	G	ALFRED	Adygei	SA004373R	42	0.881
rs1129706	A	G	ALFRED	Adygei	SA004585W	62	0.79
rs1129706	A	G	ALFRED	Bashkir	SA004615Q	68	0.882
rs1129706	A	G	ALFRED	Basque	SA001504K	48	0.83
rs1129706	A	G	ALFRED	Belarusian	SA004586X	56	0.893
rs1129706	A	G	ALFRED	British	SA004050J	182	0.841
rs1129706	A	G	ALFRED	Chechen	SA004589A	36	0.806
rs1129706	A	G	ALFRED	Cherkess	SA004588Z	66	0.788
rs1129706	A	G	ALFRED	Chuvash	SA004374S	82	0.915
rs1129706	A	G	ALFRED	Chuvash	SA004600K	56	0.821
rs1129706	A	G	ALFRED	Danes	SA004392S	86	0.837
rs1129706	A	G	ALFRED	Estonian	SA003028N	1948	0.861
rs1129706	A	G	ALFRED	European Americans	SA004250L	198	0.808
rs1129706	A	G	ALFRED	Finns	SA004377V	50	0.9
rs1129706	A	G	ALFRED	Finns	SA004049R	198	0.859
rs1129706	A	G	ALFRED	French	SA001503J	58	0.79
rs1129706	A	G	ALFRED	Hungarian	SA004375T	82	0.817
rs1129706	A	G	ALFRED	Iberian	SA004108N	214	0.748
rs1129706	A	G	ALFRED	Irish	SA004378W	44	0.818
rs1129706	A	G	ALFRED	Italians	SA001507N	16	0.88
rs1129706	A	G	ALFRED	Italians	SA002255O	26	0.77
rs1129706	A	G	ALFRED	Italians	SA004057Q	214	0.776
rs1129706	A	G	ALFRED	Jews, Ashkenazi	SA004372Q	48	0.729
rs1129706	A	G	ALFRED	Kabardinian	SA004590S	70	0.786
rs1129706	A	G	ALFRED	Karachay	SA004591T	46	0.826
rs1129706	A	G	ALFRED	Karelians	SA004617S	52	0.808
rs1129706	A	G	ALFRED	Megrelians	SA004623P	72	0.861
rs1129706	A	G	ALFRED	Moldovan	SA004598A	64	0.797
rs1129706	A	G	ALFRED	Mordvin	SA004599B	66	0.848
rs1129706	A	G	ALFRED	Orcadian	SA001508O	32	0.84
rs1129706	A	G	ALFRED	Russians	SA001510H	50	0.76
rs1129706	A	G	ALFRED	Russians	SA004376U	42	0.905
rs1129706	A	G	ALFRED	Russians	SA004601L	76	0.865
rs1129706	A	G	ALFRED	Russians	SA004603N	78	0.949
rs1129706	A	G	ALFRED	Sardinian	SA001505L	56	0.89
rs1129706	A	G	ALFRED	Tatar	SA004604O	68	0.779
rs1129706	A	G	ALFRED	Udmurt	SA004607R	50	0.86
rs1129706	A	G	ALFRED	Ukrainian	SA004608S	58	0.879
rs1129706	A	G	ALFRED	Burusho	SA001482P	50	0.66
rs1129706	A	G	ALFRED	Kalash	SA001481O	50	0.6
rs1129706	A	G	ALFRED	Pashtun	SA002262M	46	0.83
rs1129706	A	G	ALFRED	Kazakh	SA004593V	90	0.911
rs1129706	A	G	ALFRED	Khanty	SA004380P	94	1
rs1129706	A	G	ALFRED	Khanty	SA004595X	58	0.983
rs1129706	A	G	ALFRED	Komi-Zyrian	SA004379X	92	0.967
rs1129706	A	G	ALFRED	Komi-Zyrian	SA004596Y	64	0.875
rs1129706	A	G	ALFRED	Kyrgyz	SA004597Z	56	0.768
rs1129706	A	G	ALFRED	Mongolian	SA001489W	20	1
rs1129706	A	G	ALFRED	Uzbek	SA004609T	78	0.846
rs1129706	A	G	ALFRED	Balochi	SA001476S	50	0.78
rs1129706	A	G	ALFRED	Balochi	SA001478U	50	0.66
rs1129706	A	G	ALFRED	Bengali	SA004239S	172	0.802
rs1129706	A	G	ALFRED	Brahui	SA001475R	50	0.78
rs1129706	A	G	ALFRED	Gujarati	SA004246Q	206	0.772
rs1129706	A	G	ALFRED	Hazara	SA001477T	48	0.81
rs1129706	A	G	ALFRED	Punjabi	SA004240K	192	0.766
rs1129706	A	G	ALFRED	Sindhi	SA001479V	50	0.76
rs1129706	A	G	ALFRED	Tamil	SA004241L	204	0.804
rs1129706	A	G	ALFRED	Telugu	SA004247R	204	0.76
rs1129706	A	G	ALFRED	Ami	SA004386V	76	0.711
rs1129706	A	G	ALFRED	Atayal	SA004387W	68	0.456
rs1129706	A	G	ALFRED	Dai	SA001493R	20	0.5
rs1129706	A	G	ALFRED	Dai	SA004238R	196	0.758
rs1129706	A	G	ALFRED	Daur	SA001488V	18	0.83
rs1129706	A	G	ALFRED	Han	SA001483Q	88	0.85
rs1129706	A	G	ALFRED	Han	SA004058R	206	0.845
rs1129706	A	G	ALFRED	Han	SA004059S	210	0.824
rs1129706	A	G	ALFRED	Han	SA004592U	26	0.808
rs1129706	A	G	ALFRED	Hezhe	SA001490O	18	0.78
rs1129706	A	G	ALFRED	Japanese	SA002260K	56	0.82
rs1129706	A	G	ALFRED	Japanese	SA004060K	208	0.755
rs1129706	A	G	ALFRED	Koreans	SA003027M	106	0.833
rs1129706	A	G	ALFRED	Lahu	SA001494S	20	0.85
rs1129706	A	G	ALFRED	Miao	SA001486T	20	0.8
rs1129706	A	G	ALFRED	Naxi	SA001496U	18	1
rs1129706	A	G	ALFRED	Oroqen	SA001487U	20	1
rs1129706	A	G	ALFRED	She	SA001495T	20	0.85
rs1129706	A	G	ALFRED	Tu	SA001497V	20	0.75
rs1129706	A	G	ALFRED	Tujia	SA001484R	20	0.8
rs1129706	A	G	ALFRED	Uyghur	SA001492Q	20	0.9
rs1129706	A	G	ALFRED	Xibe	SA001491P	18	0.83
rs1129706	A	G	ALFRED	Yi	SA001485S	20	0.85
rs1129706	A	G	ALFRED	Cambodians, Khmer	SA001500G	22	0.86
rs1129706	A	G	ALFRED	Cambodians, Khmer	SA004384T	30	0.767
rs1129706	A	G	ALFRED	Hakka	SA004385U	74	0.797
rs1129706	A	G	ALFRED	Lao Loum	SA004383S	118	0.788
rs1129706	A	G	ALFRED	Vietnamese	SA004249T	202	0.828
rs1129706	A	G	ALFRED	Papuan New Guinean	SA001501H	34	0.91
rs1129706	A	G	ALFRED	Melanesian, Nasioi	SA002261L	38	0.74
rs1129706	A	G	ALFRED	Micronesians	SA004382R	66	0.818
rs1129706	A	G	ALFRED	Buryat	SA004587Y	88	0.886
rs1129706	A	G	ALFRED	Ket	SA004594W	62	0.968
rs1129706	A	G	ALFRED	Tuva	SA004605P	88	0.884
rs1129706	A	G	ALFRED	Yakut	SA001498W	50	0.98
rs1129706	A	G	ALFRED	Yakut	SA004381Q	42	0.976
rs1129706	A	G	ALFRED	Yakut	SA004610L	82	0.89
rs1129706	A	G	ALFRED	Mexicans	SA004110G	128	0.852
rs1129706	A	G	ALFRED	Pima, Mexico	SA001511I	50	0.96
rs1129706	A	G	ALFRED	Maya, Yucatan	SA001512J	50	0.92
rs1129706	A	G	ALFRED	Maya, Yucatan	SA004388X	42	0.952
rs1129706	A	G	ALFRED	Puerto Rican	SA004111H	208	0.793
rs1129706	A	G	ALFRED	Amerindians 	SA001513K	26	1
rs1129706	A	G	ALFRED	Colombian	SA004109O	188	0.824
rs1129706	A	G	ALFRED	Karitiana	SA001514L	48	1
rs1129706	A	G	ALFRED	Karitiana	SA004391R	50	1
rs1129706	A	G	ALFRED	Peruvian	SA004245P	170	0.871
rs1129706	A	G	ALFRED	Quechua	SA000069P	46	0.891
rs1129706	A	G	ALFRED	Surui	SA001515M	42	1
rs1129706	A	G	ALFRED	Surui	SA004390Q	46	1
rs1129706	A	G	ALFRED	Ticuna	SA004389Y	68	1
